﻿[
  {
    "name": "9.2",
    "orientation": "vertical",
    "type": { "constant": "carnivoreType" },
    "meat": "1",
    "imageIcon": { "constant": "meat" },
    "title": "Newt",
    "hardiness": "1",
    "size": "2(1)",
    "sunNeeds": "2",
    "1.eat": [ "1", { "constant": "meat" } ],
    "1.meat": "1",
    "1.points": "0",
    "2.arrow": true,
    "3.eat": [ "2", { "constant": "meat" } ],
    "3.meat": "2",
    "3.points": "0",
    "4.message": "+2"
  },
  {
    "name": "10.1",
    "orientation": "vertical",
    "type": { "constant": "colonistType" },
    "meat": "1",
    "imageIcon": { "constant": "meat" },
    "title": "Colonists",
    "hardiness": "0",
    "size": "6(8)",
    "1.eat": [ "2", { "constant": "hamburger" } ],
    "1.meat": "1",
    "1.points": "6",
    "2.arrow": true,
    "3.arrow": true,
    "4.arrow": true,
    "5.arrow": true,
    "6.eat": [ "3", { "constant": "hamburger" } ],
    "6.meat": "2",
    "7.arrow": true,
    "8.arrow": true,
    "9.arrow": true,
    "10.arrow": true,
    "11.arrow": true,
    "12.message": "2x"
  },
  {
    "name": "10.2",
    "orientation": "vertical",
    "type": { "constant": "colonistType" },
    "meat": "1",
    "imageIcon": { "constant": "meat" },
    "title": "Meatitarian Colonists",
    "hardiness": "0",
    "size": "6(15)",
    "1.eat": [ "2", { "constant": "meat" } ],
    "1.meat": "1",
    "1.points": "8",
    "2.arrow": true,
    "3.arrow": true,
    "4.arrow": true,
    "5.arrow": true,
    "6.eat": [ "3", { "constant": "meat" } ],
    "6.meat": "2",
    "7.arrow": true,
    "8.arrow": true,
    "9.arrow": true,
    "10.arrow": true,
    "11.arrow": true,
    "12.message": "2x"
  }
]