﻿[
    {
        "name": "1t",
        "orientation": "vertical",
        "type": "part",
        "icon": { "constant": "Time" },
        "value": "1",
        "title": "Time",
        "rules": "Operate a private engine that you have access to."
    },
    {
        "name": "2tt",
        "orientation": "vertical",
        "type": "part",
        "icon": { "constant": "Time" },
        "value": "2",
        "title": "Time",
        "rules": "Operate a private engine that you have access to."
    },
    {
        "name": "3t",
        "orientation": "vertical",
        "type": "part",
        "icon": { "constant": "Time" },
        "value": "3",
        "title": "Time",
        "rules": "Operate a private engine that you have access to."
    },
    {
        "name": "4t",
        "orientation": "vertical",
        "type": "part",
        "icon": { "constant": "Time" },
        "value": "4",
        "title": "Time",
        "rules": "Operate a private engine that you have access to."
    },
    {
        "name": "5t",
        "orientation": "vertical",
        "type": "part",
        "icon": { "constant": "Time" },
        "value": "5",
        "title": "Time",
        "rules": "Operate a private engine that you have access to."
    },
    {
        "name": "1g",
        "orientation": "vertical",
        "type": "part",
        "icon": { "constant": "Growth" },
        "value": "1",
        "title": "Growth",
        "rules": "Either look at 2 cards and keep 1, take an engine core, or discard a card to dig for a described card."
    },
    {
        "name": "2g",
        "orientation": "vertical",
        "type": "part",
        "icon": { "constant": "Growth" },
        "value": "2",
        "title": "Growth",
        "rules": "Either look at 2 cards and keep 1, take an engine core, or discard a card to dig for a described card."
    },
    {
        "name": "3g",
        "orientation": "vertical",
        "type": "part",
        "icon": { "constant": "Growth" },
        "value": "3",
        "title": "Growth",
        "rules": "Either look at 2 cards and keep 1, take an engine core, or discard a card to dig for a described card."
    },
    {
        "name": "4g",
        "orientation": "vertical",
        "type": "part",
        "icon": { "constant": "Growth" },
        "value": "4",
        "title": "Growth",
        "rules": "Either look at 2 cards and keep 1, take an engine core, or discard a card to dig for a described card."
    },
    {
        "name": "5g",
        "orientation": "vertical",
        "type": "part",
        "icon": { "constant": "Growth" },
        "value": "5",
        "title": "Growth",
        "rules": "Either look at 2 cards and keep 1, take an engine core, or discard a card to dig for a described card."
    },
    {
        "name": "1p",
        "orientation": "vertical",
        "type": "part",
        "icon": { "constant": "Permanence" },
        "value": "1",
        "title": "Fixity",
        "rules": "Store one resource."
    },
    {
        "name": "2p",
        "orientation": "vertical",
        "type": "part",
        "icon": { "constant": "Permanence" },
        "value": "2",
        "title": "Fixity",
        "rules": "Store one resource."
    },
    {
        "name": "3p",
        "orientation": "vertical",
        "type": "part",
        "icon": { "constant": "Permanence" },
        "value": "3",
        "title": "Fixity",
        "rules": "Store one resource."
    },
    {
        "name": "4p",
        "orientation": "vertical",
        "type": "part",
        "icon": { "constant": "Permanence" },
        "value": "4",
        "title": "Fixity",
        "rules": "Store one resource."
    },
    {
        "name": "5p",
        "orientation": "vertical",
        "type": "part",
        "icon": { "constant": "Permanence" },
        "value": "5",
        "title": "Fixity",
        "rules": "Store one resource."
    },
    {
        "name": "1l",
        "orientation": "vertical",
        "type": "part",
        "icon": { "constant": "Love" },
        "value": "1",
        "title": "Love",
        "rules": [ "Gain access to an engine that you do not own this turn. The owner gets +1", { "constant": "TimeInline" }, " each time you use it. Use this ability no more than once a turn on each other player." ]
    },
    {
        "name": "2l",
        "orientation": "vertical",
        "type": "part",
        "icon": { "constant": "Love" },
        "value": "2",
        "title": "Love",
        "rules": [ "Gain access to an engine that you do not own this turn. The owner gets +1", { "constant": "TimeInline" }, " each time you use it. Use this ability no more than once a turn on each other player." ]
    },
    {
        "name": "3l",
        "orientation": "vertical",
        "type": "part",
        "icon": { "constant": "Love" },
        "value": "3",
        "title": "Love",
        "rules": [ "Gain access to an engine that you do not own this turn. The owner gets +1", { "constant": "TimeInline" }, " each time you use it. Use this ability no more than once a turn on each other player." ]
    },
    {
        "name": "4l",
        "orientation": "vertical",
        "type": "part",
        "icon": { "constant": "Love" },
        "value": "4",
        "title": "Love",
        "rules": [ "Gain access to an engine that you do not own this turn. The owner gets +1", { "constant": "TimeInline" }, " each time you use it. Use this ability no more than once a turn on each other player." ]
    },
    {
        "name": "5l",
        "orientation": "vertical",
        "type": "part",
        "icon": { "constant": "Love" },
        "value": "5",
        "title": "Love",
        "rules": [ "Gain access to an engine that you do not own this turn. The owner gets +1", { "constant": "TimeInline" }, " each time you use it. Use this ability no more than once a turn on each other player." ]
    },
    {
        "name": "1c",
        "orientation": "vertical",
        "type": "part",
        "icon": { "constant": "Change" },
        "value": "1",
        "title": "Change",
        "rules": "Either discard a part from or add a part to an engine. You may no longer operate any private engines this turn."
    },
    {
        "name": "2c",
        "orientation": "vertical",
        "type": "part",
        "icon": { "constant": "Change" },
        "value": "2",
        "title": "Change",
        "rules": "Either discard a part from or add a part to an engine. You may no longer operate any private engines this turn."
    },
    {
        "name": "3c",
        "orientation": "vertical",
        "type": "part",
        "icon": { "constant": "Change" },
        "value": "3",
        "title": "Change",
        "rules": "Either discard a part from or add a part to an engine. You may no longer operate any private engines this turn."
    },
    {
        "name": "4c",
        "orientation": "vertical",
        "type": "part",
        "icon": { "constant": "Change" },
        "value": "4",
        "title": "Change",
        "rules": "Either discard a part from or add a part to an engine. You may no longer operate any private engines this turn."
    },
    {
        "name": "5c",
        "orientation": "vertical",
        "type": "part",
        "icon": { "constant": "Change" },
        "value": "5",
        "title": "Change",
        "rules": "Either discard a part from or add a part to an engine. You may no longer operate any private engines this turn."
    },
    {
        "name": "1j",
        "orientation": "vertical",
        "type": "part",
        "icon": { "constant": "Justice" },
        "value": "1",
        "title": "Justice",
        "rules": "Keep an unbalanced engine from losing parts."
    },
    {
        "name": "2j",
        "orientation": "vertical",
        "type": "part",
        "icon": { "constant": "Justice" },
        "value": "2",
        "title": "Justice",
        "rules": "Keep an unbalanced engine from losing parts."
    },
    {
        "name": "3j",
        "orientation": "vertical",
        "type": "part",
        "icon": { "constant": "Justice" },
        "value": "3",
        "title": "Justice",
        "rules": "Keep an unbalanced engine from losing parts."
    },
    {
        "name": "4j",
        "orientation": "vertical",
        "type": "part",
        "icon": { "constant": "Justice" },
        "value": "4",
        "title": "Justice",
        "rules": "Keep an unbalanced engine from losing parts."
    },
    {
        "name": "5j",
        "orientation": "vertical",
        "type": "part",
        "icon": { "constant": "Justice" },
        "value": "5",
        "title": "Justice",
        "rules": "Keep an unbalanced engine from losing parts."
    },
    {
        "name": "1v",
        "orientation": "vertical",
        "type": "part",
        "icon": { "constant": "Prestige" },
        "value": "1",
        "title": "Prestige",
        "rules": [ "If you gain 20", { "constant": "PrestigeInline" }, " in one turn you win." ]
    },
    {
        "name": "2v",
        "orientation": "vertical",
        "type": "part",
        "icon": { "constant": "Prestige" },
        "value": "2",
        "title": "Prestige",
        "rules": [ "If you gain 20", { "constant": "PrestigeInline" }, " in one turn you win." ]
    },
    {
        "name": "3v",
        "orientation": "vertical",
        "type": "part",
        "icon": { "constant": "Prestige" },
        "value": "3",
        "title": "Prestige",
        "rules": [ "If you gain 20", { "constant": "PrestigeInline" }, " in one turn you win." ]
    },
    {
        "name": "4v",
        "orientation": "vertical",
        "type": "part",
        "icon": { "constant": "Prestige" },
        "value": "4",
        "title": "Prestige",
        "rules": [ "If you gain 20", { "constant": "PrestigeInline" }, " in one turn you win." ]
    },
    {
        "name": "5v",
        "orientation": "vertical",
        "type": "part",
        "icon": { "constant": "Prestige" },
        "value": "5",
        "title": "Prestige",
        "rules": [ "If you gain 20", { "constant": "PrestigeInline" }, " in one turn you win." ]
    },
    {
        "name": "arrow01",
        "orientation": "vertical",
        "type": "engine",
        "title": "Engine Core",
        "rules": "Place inputs to the left of this card and outputs to the right. If there are no inputs then this is an automatic engine."
    }
]
