{
    "fullWidth": 825,
    "fullHeight": 1125,
    "font": "Aharoni-True.ttf",
    "maxFontSize": 200,
    "minFontSize": 42,
    "lineHeight": 0.9,
    "offset": -0.25,
    "elements": [
        { "type": "image", "value": { "name": "background", "x": 0, "y": 0, "constant": "Background" } },
        { "type": "image", "value": { "name": "platforms", "x": 0, "y": 0, "constant": "Platforms" } },
        {
            "type": "style",
            "value": {
                "fillStyle": "#410",
                "textBaseline": "hanging"
            }
        },
        {
            "type": "ntext",
            "value": {
                "name": "title",
                "x": 267.5,
                "y": 42.5,
                "xSize": 478,
                "ySize": 192,
                "style": {
                    "justification": "center",
                    "alignment": "middle",
                    "maxFontSize": 500,
                    "rotate": 0,
                    "textBaseline": "hanging",
                    "innerShadow": {
                        "style": {
                            "fillStyle": "#410",
                            "initialLineWidth": 1,
                            "strokeStyle": "#000",
                            "shadowColor": "#200",
                            "secondLineWidth": 2
                        }
                    }
                }
            }
        },
        {
            "type": "ntext",
            "value": {
                "name": "rules",
                "x": 59.5,
                "y": 902.5,
                "xSize": 703,
                "ySize": 180,
                "style": {
                    "justification": "center",
                    "alignment": "middle",
                    "maxFontSize": 500,
                    "rotate": 0,
                    "textBaseline": "hanging",
                    "innerShadow": {
                        "style": {
                            "fillStyle": "#410",
                            "initialLineWidth": 1,
                            "strokeStyle": "#000",
                            "shadowColor": "#200",
                            "secondLineWidth": 2
                        }
                    }
                }
            }
        }
    ],
    "subTypes": [
        {
            "requirements": [
                {
                    "name": "type",
                    "values": [ "part" ]
                }
            ],
            "elements": [
                {
                    "type": "text",
                    "value": {
                        "name": "icon",
                        "x": 89.5,
                        "y": 212,
                        "xSize": 663,
                        "ySize": 663,
                        "maxFontSize": 500,
                        "justification": "center",
                        "alignment": "middle",
                        "rotate": 0
                    }
                },
                {
                    "type": "ntext",
                    "value": {
                        "name": "value",
                        "x": 64.5,
                        "y": 32.5,
                        "xSize": 325,
                        "ySize": 300,
                        "style": {
                            "justification": "left",
                            "alignment": "middle",
                            "maxFontSize": 500,
                            "rotate": 0,
                            "textBaseline": "hanging",
                            "shadowColor": "#fff",
                            "shadowOffsetX": 0,
                            "shadowOffsetY": 0,
                            "shadowStrength": 2,
                            "shadowBlur": 50,
                            "innerShadow": {
                                "style": {
                                    "fillStyle": "#fc2",
                                    "initialLineWidth": 2,
                                    "strokeStyle": "#000",
                                    "shadowColor": "#555",
                                    "secondLineWidth": 5
                                }
                            }
                        }
                    }
                }
            ]
        },
        {
            "requirements": [
                {
                    "name": "type",
                    "values": [ "engine" ]
                }
            ],
            "elements": [
                {
                    "type": "text",
                    "value": {
                        "name": "arrow",
                        "content": { "constant": "Arrow" },
                        "x": 62.5,
                        "y": 212,
                        "xSize": 663,
                        "ySize": 663,
                        "justification": "center",
                        "alignment": "middle",
                        "maxFontSize": 500
                    }
                }
            ]
        }
    ],
    "constants": {
        "Background": "backgroundCircle.png",
        "Platforms": "platforms.png",
        "Knowledge": {
            "value": "Ԋ",
            "innerShadow": {
                "style": {
                    "fillStyle": "#fff",
                    "initialLineWidth": 2,
                    "strokeStyle": "#000",
                    "shadowColor": "#555",
                    "secondLineWidth": 10
                }
            }
        },
        "Change": {
            "value": "ԋ",
            "innerShadow": {
                "style": {
                    "fillStyle": "#f8f",
                    "initialLineWidth": 2,
                    "strokeStyle": "#000",
                    "shadowColor": "#808",
                    "secondLineWidth": 10
                }
            }
        },
        "Growth": {
            "value": "Ԍ",
            "innerShadow": {
                "style": {
                    "fillStyle": "#ff8",
                    "initialLineWidth": 2,
                    "strokeStyle": "#000",
                    "shadowColor": "#880",
                    "secondLineWidth": 10
                }
            }
        },
        "Love": {
            "value": "ԍ",
            "innerShadow": {
                "style": {
                    "fillStyle": "#f88",
                    "initialLineWidth": 2,
                    "strokeStyle": "#000",
                    "shadowColor": "#f00",
                    "secondLineWidth": 10
                }
            }
        },
        "Time": {
            "value": "ԏ",
            "innerShadow": {
                "style": {
                    "fillStyle": "#ddd",
                    "initialLineWidth": 2,
                    "strokeStyle": "#000",
                    "shadowColor": "#555",
                    "secondLineWidth": 10
                }
            }
        },
        "TimeInline": {
            "value": "ԏ",
            "innerShadow": {
                "style": {
                    "fillStyle": "#ddd",
                    "initialLineWidth": 2,
                    "strokeStyle": "#000",
                    "shadowColor": "#555",
                    "secondLineWidth": 2
                }
            }
        },
        "Justice": {
            "value": "ԑ",
            "innerShadow": {
                "style": {
                    "fillStyle": "#88f",
                    "initialLineWidth": 2,
                    "strokeStyle": "#000",
                    "shadowColor": "#00f",
                    "secondLineWidth": 10
                }
            }
        },
        "Prestige": {
            "value": "Ԓ",
            "innerShadow": {
                "style": {
                    "fillStyle": "#8f8",
                    "initialLineWidth": 2,
                    "strokeStyle": "#000",
                    "shadowColor": "#0f0",
                    "secondLineWidth": 10
                }
            }
        },
        "PrestigeInline": {
            "value": "Ԓ",
            "innerShadow": {
                "style": {
                    "fillStyle": "#8f8",
                    "initialLineWidth": 2,
                    "strokeStyle": "#000",
                    "shadowColor": "#0f0",
                    "secondLineWidth": 2
                }
            }
        },
        "Arrow": {
            "value": "Է",
            "innerShadow": {
                "style": {
                    "fillStyle": "#ddd",
                    "initialLineWidth": 2,
                    "strokeStyle": "#000",
                    "shadowColor": "#555",
                    "secondLineWidth": 10
                }
            }
        },
        "ReverseArrow": {
            "value": "Զ",
            "innerShadow": {
                "style": {
                    "fillStyle": "#ddd",
                    "initialLineWidth": 2,
                    "strokeStyle": "#000",
                    "shadowColor": "#555",
                    "secondLineWidth": 10
                }
            }
        },
        "Permanence": {
            "value": "ԓ",
            "innerShadow": {
                "style": {
                    "fillStyle": "#fc0",
                    "initialLineWidth": 2,
                    "strokeStyle": "#000",
                    "shadowColor": "#c40",
                    "secondLineWidth": 10
                }
            }
        },
        "X": {
            "value": "Թ",
            "innerShadow": {
                "style": {
                    "fillStyle": "#ddd",
                    "initialLineWidth": 2,
                    "strokeStyle": "#000",
                    "shadowColor": "#555",
                    "secondLineWidth": 10
                }
            }
        }
    }
}
